{
	"best_step": 6,
	"auroc": 0.9758687251609657,
	"f1": 0.6261035615429924,
	"recall": 0.7915561298159004,
	"precision": 0.5975454497110282,
	"bcr": 0.7915561298159004,
	"acc": 0.7308033339244547,
	"loss": 0.7524476053014313
}